{
  "entryAssembly": "CloudDriveWasm",
  "resources": {
    "hash": "sha256-LabWEDrdpftJCkEQU+2HXh1CoC88bHWYFl9DEJyCkQc=",
    "runtime": {
      "dotnet.7.0.15.9wbr28sbx0.js": "sha256-MHuxwxeVFybuBBTAWeZrvoStZpW+H4ThSaRcFvrfqXM=",
      "dotnet.timezones.blat": "sha256-aHk3Pm2JXopn6UPLJtovAqIdIk8GyIMzGm450cli9UE=",
      "dotnet.wasm": "sha256-fMuaMGy/7q8rXL+GyH9Gu04mJDwQ/OSYXD9ezf+Fz4k=",
      "icudt_CJK.dat": "sha256-SZLtQnRc0JkwqHab0VUVP7T3uBPSeYzxzDnpxPpUnHk=",
      "icudt_EFIGS.dat": "sha256-8fItetYY8kQ0ww6oxwTLiT3oXlBwHKumbeP2pRF4yTc=",
      "icudt_no_CJK.dat": "sha256-L7sV7NEYP37/Qr2FPCePo5cJqRgTXRwGHuwF5Q+0Nfs="
    },
    "assembly": {
      "BencodeNET.dll": "sha256-FjVFcMgw2wf7JcC61eCTlB8n85oE+MCx1x6arxKffvY=",
      "Blazored.LocalStorage.dll": "sha256-5V8ovY1srbIIz7lzzMhLd3nNJ9LJ6bHoBOnLJahv8Go=",
      "Blazored.Modal.dll": "sha256-OkL/zDQTP6kkz+pR8Lki2Pljk2hwf99nXDSmE1Id0cY=",
      "BlazorPagination.dll": "sha256-dMHq7CrMWeHn5R1pN72TRE/5YJfstWId26CDK9F0fKc=",
      "CloudDriveWasm.dll": "sha256-aqO8DLG1dZP7uEwMjtzSU6D/B7opxlE1ze2Vo2Id5Xw=",
      "Google.Protobuf.dll": "sha256-MQMO9GMxQkh6DE0i6V1/bo2jLD18GN3c1sBJAzcsaFE=",
      "Grpc.Core.Api.dll": "sha256-fimevDAwSbB+irIQ/a271GGXesy5D7tJIB728nPCs3M=",
      "Grpc.Net.Client.dll": "sha256-SgM2ZlfBxZnSPqB+gZXK+zMNc8KSIuTqN8zBKg/RBuM=",
      "Grpc.Net.Client.Web.dll": "sha256-R+X6kGtzxl6YQ3rsIX6K9i1XaSPR8086axioRqpPHzw=",
      "Grpc.Net.Common.dll": "sha256-sNO4OtNlp7k9BkBnN09gEkulV2U7tzd0wk4kCrbmC7U=",
      "Microsoft.AspNetCore.Components.dll": "sha256-jbvtIWEEG+u5cn5798W33p+x+4c/ur8N9/iA0Xf2EmI=",
      "Microsoft.AspNetCore.Components.Forms.dll": "sha256-vwPBhSUj6ezw7/0dT3QUe0D2RWZIuN9d0yLDCo0l5pA=",
      "Microsoft.AspNetCore.Components.Web.dll": "sha256-UVXQsaix++4VBbbcADyQho1zIcdjmF1A3cpTuxvsY90=",
      "Microsoft.AspNetCore.Components.WebAssembly.dll": "sha256-pT9d8syc9/F2/x1CgtPJrtmXZKfjL4UOL2uBObMdtR8=",
      "Microsoft.Bcl.AsyncInterfaces.dll": "sha256-EcDo/GQZkQrOT1Xd0jMPE3NwT5lsMq5DNsPxHVidLDQ=",
      "Microsoft.Bcl.HashCode.dll": "sha256-y5+O+HE1PNgSn0TwPo3hH4YjhuwltS3gYIkrSTD2QOs=",
      "Microsoft.EntityFrameworkCore.Abstractions.dll": "sha256-jwuU8F7rNVOmV+vsvTYo3KNLtZkkSHB9wtU8kiR5Pqc=",
      "Microsoft.EntityFrameworkCore.dll": "sha256-jn/W0gQUemSfH2Jjn1HqrwruNu1qxVd6nZ9M6nSGvBs=",
      "Microsoft.Extensions.Caching.Abstractions.dll": "sha256-MAKm1/l29LzNn+uTDX/syx4a2rUfhiDIqjtZDkNKUjs=",
      "Microsoft.Extensions.Caching.Memory.dll": "sha256-HYFgNAjDjPbemdbcK+C34iuaskOuHBwiGN0QzTsiFLc=",
      "Microsoft.Extensions.Configuration.Abstractions.dll": "sha256-X/f4fDl2cuIRXeWHhK/f2UqQbFioD+RU4a4CEh0zrrQ=",
      "Microsoft.Extensions.Configuration.dll": "sha256-9PTAXNUj49C5pebEVtTsoRpdXR2henU28twwbTuo3DE=",
      "Microsoft.Extensions.Configuration.Json.dll": "sha256-Q5AqJneA2TZnzC0IYzBx6j/tHRhWAeMbpH3BsV7KgWg=",
      "Microsoft.Extensions.DependencyInjection.Abstractions.dll": "sha256-kxAYIWa4rTM01T04SrOuuZNppQ+W/iJzCLIs7KxSTKk=",
      "Microsoft.Extensions.DependencyInjection.dll": "sha256-vfrYKEAFFCox24A0WSVpyXSmb37165rnBqpkyUF/QwA=",
      "Microsoft.Extensions.Localization.Abstractions.dll": "sha256-gY+VxecACc1bxs8X66N0SdlXc/OND+Sj2A5iFkYgc7w=",
      "Microsoft.Extensions.Localization.dll": "sha256-29J95/lHm+nbjMP/s2Oa8jnkNxbpiOkpa25Bmlnq2so=",
      "Microsoft.Extensions.Logging.Abstractions.dll": "sha256-XziYyWU765MMEbzjWk3br4shQynO1GyLBHH65ejG+8M=",
      "Microsoft.Extensions.Logging.dll": "sha256-Ph4JcBVRl6blMiw7aGCuJ6OrNtzL9k/obvxIVmqeWNQ=",
      "Microsoft.Extensions.Options.dll": "sha256-wre+hKKXkMGMevyOJFZjGvHYCrTSOFu4So3qzesaeIA=",
      "Microsoft.Extensions.Primitives.dll": "sha256-sPdkv1wd7P3O4JLiHZIrkTi2eeGHGBkIkMvVy8fOjvM=",
      "Microsoft.JSInterop.dll": "sha256-EysxmiM326EIEOJmO2U83iDSwQKxUorY7EaE6tlr2xQ=",
      "Microsoft.JSInterop.WebAssembly.dll": "sha256-2vW95mEsFz8hB/swIxwdv4Mbe9NdbsQ7w2flu2B+ncY=",
      "netstandard.dll": "sha256-BI68G1FjXYuYtcT/4CcNWanZnGj1tQp2A590y/tpqrM=",
      "System.Collections.Concurrent.dll": "sha256-uqoiDjA+GaxhZKk1acsMIB7wz+4/JStYiwgt0BO16dk=",
      "System.Collections.dll": "sha256-zgY0VPF/InBZn3wf0/FVnpWk+FRvYz9cZQHAbOZzfGQ=",
      "System.Collections.Immutable.dll": "sha256-OM37JdaxMdnfVz771OrSoGRJN+1vbaLcirW/cq6c4t8=",
      "System.Collections.NonGeneric.dll": "sha256-hmVZdnCeaz62675mllSFXSMxsJn79O/1NgYg8Hsvlv0=",
      "System.Collections.Specialized.dll": "sha256-Z+XNIVZUW26A2KFA0eJejJ3py7ezjycdoNERtDvovXc=",
      "System.ComponentModel.Annotations.dll": "sha256-3YEZtDXmrP59fqpO7uZoTmpkIAr3921yxv5BhPoFL7w=",
      "System.ComponentModel.dll": "sha256-Fk2YdbIh1S9I3Jn+elQpV9RdU2OqJiVenl74EbfuW34=",
      "System.ComponentModel.Primitives.dll": "sha256-5kx3FjrnvNSRWX5F99gM77Fpwsv+bNC6Y9LSw0ooFcw=",
      "System.ComponentModel.TypeConverter.dll": "sha256-c5r+wsAvQjhuA911jdcSAnHhUjmoAtHX1+vJjXLoSp0=",
      "System.Console.dll": "sha256-c+RjsBAhEwuCNbCOCbb1vtLQt1E/1b3r82QOi+oycRQ=",
      "System.Diagnostics.Debug.dll": "sha256-23pEfzM7akSU2gyD6fvpKZeUUXMgdK9VGaY5S/pWgfE=",
      "System.Diagnostics.DiagnosticSource.dll": "sha256-cpGO93wS4YQkiTprKS9Rvw3anlgkMsQnZiNpF+sicuM=",
      "System.dll": "sha256-GXYaTkUWqIcsGI6VKD2SIHDrRwOD2xQU1UA9nONh8PU=",
      "System.IO.Compression.dll": "sha256-5jNs8WmeFGeezlT7wGbFqR3B82t4BicpkuqFe8P/hnk=",
      "System.IO.Pipelines.dll": "sha256-CPWRlou1jlcDvjFO+Szz3QH3/IGXpZ7w8Is28Gypou4=",
      "System.Linq.dll": "sha256-Etb1oL1GQ0RHHeVdCSEBhcTkOD9cn+LhM7rSIU8+YcI=",
      "System.Linq.Expressions.dll": "sha256-b7x9dCdggEEDnvlhiG7ysF8l2W8JlkgSxA3qX1W5j6k=",
      "System.Linq.Queryable.dll": "sha256-XLicGvVSy/FTQESFLxxub3MoNSbDN4VjI02+VwDSHW4=",
      "System.Memory.dll": "sha256-I8dXUDBoo21KoPTv6ajKFQO6mfPhaBwqxGY6wVPuygM=",
      "System.Net.Http.dll": "sha256-sXtlAk+UnKSWIqEcZjegv+IcGsdZY5hQfZB3hhiGQL8=",
      "System.Net.NameResolution.dll": "sha256-YTv0ScZrLFhZvlqyEWENUbKdW+pGycgNJ/4Wa+rF9pE=",
      "System.Net.Primitives.dll": "sha256-UP8/8mxogdlpAzgsiy1yQb2EuYGlxxljqrjUBIzDGy4=",
      "System.Net.Sockets.dll": "sha256-yes0MW6A9osfnbbbCzStoQPDduEtm6y+oiDgC9Cjeog=",
      "System.ObjectModel.dll": "sha256-ap+WiLsn10jghq6aAWZIkzUspaYTOcZdAp2dVJ5Rk7U=",
      "System.Private.CoreLib.dll": "sha256-27Zs0nsnOOZFC3euF+YjqDCS0Irw4J7duT8IQGB2dOo=",
      "System.Private.Uri.dll": "sha256-6Spko54M8f+J01bq54e70eIOQtIxpl2T06+IQ0W2qR8=",
      "System.Resources.ResourceManager.dll": "sha256-afITcBwdj5AUbPfV9nfwZmQbhg8vVONfoT4JWYFvEAg=",
      "System.Runtime.dll": "sha256-TMQMlTDj9+mJss4KVdPKIlpiuae00Dy+HHM1JEfKXbY=",
      "System.Runtime.InteropServices.JavaScript.dll": "sha256-K56cee2Wp0fFNOLSZjwAZWsvsexfPJ8Fc/rP97RFSG0=",
      "System.Security.Cryptography.Algorithms.dll": "sha256-F2iB57mlMs5tZoNHPe6GtHUrf/sqYEOpKrWqWzLcXxA=",
      "System.Security.Cryptography.dll": "sha256-Ka5aaJcklFEsdy5ZH7oNmtzvy4NgDDDaBimLkolhjL4=",
      "System.Security.Cryptography.Primitives.dll": "sha256-yLb2rfMfcrE+6qXjiWdGfpuL0XI0GsHnopV5wEOTdKE=",
      "System.Text.Encodings.Web.dll": "sha256-9kRF2+3B+1RAHhnO1eMWQyX56gXzIM5tNM/vRD/xYKc=",
      "System.Text.Json.dll": "sha256-c6hOREuzupCQkFMUzOoJ8jeK6OBbTMZ1fI8GK5zbJqg=",
      "System.Text.RegularExpressions.dll": "sha256-uEj2MkYZD5Omu1NqIiZ8b3/3Id4Apxwz2OGNzmVjNa4=",
      "System.Threading.dll": "sha256-jpIXFMDErnOzcOnvsKSGduk/bddYyKwsgqVVrbXStMc=",
      "System.Threading.Tasks.dll": "sha256-weugxbMkH90WrhNo0G3QQ6KYl9s4RX8Z2KQpL6Tolok=",
      "System.Threading.Tasks.Extensions.dll": "sha256-3azJurhtZWl8rZbKCE8mwyUBhlqM2PqEH2QtniBDXzI=",
      "System.Threading.ThreadPool.dll": "sha256-cEdPwzE1jqgqUI2pbJ4Db6f0YKAm3sXDMSMus/TQDKA=",
      "System.Transactions.Local.dll": "sha256-1UxwC8ywX1AwcAUCv2aLc2hB/Nav4lxO4ybLVeGdJvI=",
      "System.Web.HttpUtility.dll": "sha256-ktzi4F9y8K2OH9xI9TXzuKsHyByJyXCgZfVNmt73IPQ="
    },
    "satelliteResources": {
      "zh-CN": {
        "zh-CN/CloudDriveWasm.resources.dll": "sha256-9QhL/D3GOnvFjfX3gIJX9qrbIDTCK4VthG51gDrV6pY="
      }
    },
    "runtimeAssets": {
      "dotnet.wasm": {
        "hash": "sha256-fMuaMGy/7q8rXL+GyH9Gu04mJDwQ/OSYXD9ezf+Fz4k=",
        "behavior": "dotnetwasm"
      }
    }
  },
  "cacheBootResources": true,
  "debugBuild": false,
  "debugLevel": 0,
  "linkerEnabled": true,
  "config": [],
  "icuDataMode": 0,
  "extensions": {
    "blazor": {}
  }
}