{
  "mainAssemblyName": "CloudDriveWasm",
  "resources": {
    "hash": "sha256-Eu6/jU6tjfjQjP2fWBzmXymEoOyEuHtXu0PXt60hDEI=",
    "jsModuleNative": {
      "dotnet.native.8.0.0.vxbjjq8o6e.js": "sha256-LjLDIz9+J7uuiwMlQ4HbNx2BnSpphOtO2MwkoI28vdI="
    },
    "jsModuleRuntime": {
      "dotnet.runtime.8.0.0.xcaskdr5pq.js": "sha256-WdSX3HQvnBYF0KJLZoOyHvTzMHetaob6PV0Kn2K+QXw="
    },
    "wasmNative": {
      "dotnet.native.wasm": "sha256-Vr6ZXKoP77zgabrMIxQ1GbOkrxfx5XGqHO0odLhUIMY="
    },
    "icu": {
      "icudt_CJK.dat": "sha256-SZLtQnRc0JkwqHab0VUVP7T3uBPSeYzxzDnpxPpUnHk=",
      "icudt_EFIGS.dat": "sha256-8fItetYY8kQ0ww6oxwTLiT3oXlBwHKumbeP2pRF4yTc=",
      "icudt_no_CJK.dat": "sha256-L7sV7NEYP37/Qr2FPCePo5cJqRgTXRwGHuwF5Q+0Nfs="
    },
    "assembly": {
      "BencodeNET.wasm": "sha256-sVDV8TMr7uuN09gMVgL0EI6sD0lskZoV5RH1ahbUQXU=",
      "Blazored.LocalStorage.wasm": "sha256-xHBGFCMjDjvvTwtMvgaMBNmQk9JdVhGmws2/GMZlxrI=",
      "Blazored.Modal.wasm": "sha256-i2cBHftnHosZZLiNzjbDmWZEVt+U8D3Y1wqzUNX57b8=",
      "BlazorPagination.wasm": "sha256-aKKBPt8newvFfXv9fzwxZgFqLOilz9B1W+naCRHpJG8=",
      "CloudDriveWasm.wasm": "sha256-PZQjafWAluqUbACOK3wBOFG+K6e5QeRhHI97RZHzaWI=",
      "Google.Protobuf.wasm": "sha256-5PqRFSUCgfaYbutecSZ+it2/0dGnVBpcd05A72M5jbk=",
      "Grpc.Core.Api.wasm": "sha256-Wl0oAxFk+8eE0ozQWPMhIEckIHdez+5EX4kz+yliOG8=",
      "Grpc.Net.Client.wasm": "sha256-fqiDc654YbJkdLcAPkPhIitrLMeENAQUMLjGf9US8NQ=",
      "Grpc.Net.Client.Web.wasm": "sha256-0VFKBiudsKkc3vhVqE/7xkHctNGLeFKkvxiqlxhnpO8=",
      "Grpc.Net.Common.wasm": "sha256-spbiG4sFkjyZsWS3XLBxls2/8HLGl9Og8SjbvptBdOA=",
      "Microsoft.AspNetCore.Components.Forms.wasm": "sha256-PiFm/DM104e9g0JN2PnU9rIsN8f1mqTHhcvRNH8dcVU=",
      "Microsoft.AspNetCore.Components.wasm": "sha256-AWgKUnj21DcVkZSqBy81Mv1Yfy9d59DI4mpQaIYalhw=",
      "Microsoft.AspNetCore.Components.Web.wasm": "sha256-N6AW51B+ZsaJZVdrCrdu2KGRWQKinmyX7Ds/jd1E9V0=",
      "Microsoft.AspNetCore.Components.WebAssembly.wasm": "sha256-elwAae7LAjEwukdOGO2Blcfs4U0aapAZxUFs2E3Y7CI=",
      "Microsoft.Bcl.AsyncInterfaces.wasm": "sha256-uV6JPE8pFJZ3vgxDKUeimvMSk+wGuYyOKWg5xKqP7Qo=",
      "Microsoft.Bcl.HashCode.wasm": "sha256-cBeu2DFe+O6ZtH6l/qhTr9n2fc2flicfQtGa0kA1UQw=",
      "Microsoft.EntityFrameworkCore.Abstractions.wasm": "sha256-S/D1xFlojhkNTUwi8OprihMyWmboG8X1mCh2d48QT60=",
      "Microsoft.EntityFrameworkCore.wasm": "sha256-ubcnCSIDAicpAeB+2smphBmcPuMeQ0VTGoc5AqyS5WU=",
      "Microsoft.Extensions.Caching.Abstractions.wasm": "sha256-4wXvbgFkC3YVY7bc452wexdNETDO2oWLHHiA+uWaNJs=",
      "Microsoft.Extensions.Caching.Memory.wasm": "sha256-dlfc0lxjlnsCEY7w8NJ3BJOYCyf+zuOqOC60DHgBpRQ=",
      "Microsoft.Extensions.Configuration.Abstractions.wasm": "sha256-87sn2TYqgdZ95sXmavjKEzoEfMgHnYQ9LOvnMX+aZcI=",
      "Microsoft.Extensions.Configuration.Json.wasm": "sha256-Sxmy2ZS134URxbHEvdbS6NcQ3zXS7UWx/5ZPpwiW7FA=",
      "Microsoft.Extensions.Configuration.wasm": "sha256-jYqHUZ07UYWc8POk7xhas6xQYH7t1qoTcylqoDqncJk=",
      "Microsoft.Extensions.DependencyInjection.Abstractions.wasm": "sha256-HyhUBsdVoCKtLwM/lDI1fngtTgjn1YNL6zE0CckzmXg=",
      "Microsoft.Extensions.DependencyInjection.wasm": "sha256-qJwxB5CwRD4Y2/b7PEdJ425+KDy0Pr2lBMeYLClJFtQ=",
      "Microsoft.Extensions.Localization.Abstractions.wasm": "sha256-hc4v4EO6gEL92g8MBOTvZGE+9VDrUsjRzdJFxQGyBIg=",
      "Microsoft.Extensions.Localization.wasm": "sha256-WY8wzDYpbOl8wspMlvRknbN/lqHg9753iaOQ7V6946A=",
      "Microsoft.Extensions.Logging.Abstractions.wasm": "sha256-r07xYtPxY+IIuCplLevYi7Qk8xgif8AJz3tS9pzg0GI=",
      "Microsoft.Extensions.Logging.wasm": "sha256-XUo4EfkE0XrYcAKr6lMLVGyJ9Qf9M6xuLnGvJiCj13Q=",
      "Microsoft.Extensions.Options.wasm": "sha256-daj5vN1mFtjFFrz6DxZyOFiUcuEsE8vIFC4JO8x0Rhs=",
      "Microsoft.Extensions.Primitives.wasm": "sha256-Ms2HR5Gpug/0uRAzdk4SUNT76Ml3CjFv9Jo+dUIMGac=",
      "Microsoft.JSInterop.wasm": "sha256-dwgY2jxgSK996VBE1RZzn5SuX6xT/WVJsLXCzkeBG8c=",
      "Microsoft.JSInterop.WebAssembly.wasm": "sha256-CQVLCKiSxLN5ghyJZG3mhnMGRROdqrbNUjtAXB0nWb8=",
      "netstandard.wasm": "sha256-oRXUy3wtv4ai64LPkN/Q8oOtPrJ5P40/RQL/161yT74=",
      "System.Collections.Concurrent.wasm": "sha256-IOILo/zWNeOozKSxrRv0uLIVEZuGCN1Imq9QV3RfWmo=",
      "System.Collections.Immutable.wasm": "sha256-UedkUI82kG1+XK3POKdbILwlyLSLoQ5DL0c8GxHiN/I=",
      "System.Collections.NonGeneric.wasm": "sha256-JKQzRL0f/YlHoCv3Aac53/GgkSiOIF2T/YESK4OGBKQ=",
      "System.Collections.Specialized.wasm": "sha256-ykxwFnC0Sgq90GQElMKE5/Y0ebCGDoeRg5ni3FMVGWE=",
      "System.Collections.wasm": "sha256-m5Dodx3lMKZqUGINA94jlV0V04lpIUQ0xPyJXMm0pig=",
      "System.ComponentModel.Annotations.wasm": "sha256-IpO+smGzhQZxLlo7iEs5O0Yl7BZm4vqjxPyJkmjoS1o=",
      "System.ComponentModel.Primitives.wasm": "sha256-QUp7uFKZ8ePNpxZUVqBIML0JFnbFwR+J/nTjD8d7b68=",
      "System.ComponentModel.TypeConverter.wasm": "sha256-fK6mrDgkCWLT7pbrl5FC8BPr9FQv2U8jkKa44HeUrac=",
      "System.ComponentModel.wasm": "sha256-GL0aENOaH6swLwwacgwyBPbF6V3B00VM2VPVaF05i0E=",
      "System.Console.wasm": "sha256-agFw1B0BO9gb8KmuTDcAjXnIdUmh3MV/N7mDSrPYwsg=",
      "System.Diagnostics.Debug.wasm": "sha256-Knfv5wD0NpseViHRHeLAztDDNKlnX0+7o+HrSAdzLzM=",
      "System.Diagnostics.DiagnosticSource.wasm": "sha256-a1mqS0EHH1QHhOztnUeExq6XwKvtFyOY5hsRHHuhwsk=",
      "System.IO.Compression.wasm": "sha256-PSVvL+I7S2G/M4Z4VXwe3159m/H82SoMU03P3QShKzQ=",
      "System.IO.Pipelines.wasm": "sha256-xrlir+dvHE6g3cPgq/WzxiQtz3DrgA5bCZZPzABpqwA=",
      "System.Linq.Expressions.wasm": "sha256-Bv7V4D3TN+eIjz5KZt7Ht7ehBZUKlNbq8mPUBzDDAKM=",
      "System.Linq.Queryable.wasm": "sha256-uZNbSaI5izsy6WwigV2oMtP/pJRKmZkgz9/d5ANp2a0=",
      "System.Linq.wasm": "sha256-yJAH2w4ZtADeBZA1OSslPfwaVfb0xjL7ZKAC2enGHYU=",
      "System.Memory.wasm": "sha256-UCowkmi/q02xMO5BQTa71hz/nOzOClj3Rttb8kXSUl8=",
      "System.Net.Http.wasm": "sha256-Kz+8ZQXNHP0QGwzH+VLE6PsUoGYCob/iTDU7kOEPu5I=",
      "System.Net.NameResolution.wasm": "sha256-yGQ6d80sc/pm3qEuoTuDdhvVkyfkEyVxuyK1vuTLySo=",
      "System.Net.Primitives.wasm": "sha256-v8xSxT3dS3VJjfDRxMF+xuh4XVLq45wu6reoSOexAQg=",
      "System.Net.Sockets.wasm": "sha256-MvD0XK0uBcv/dTQ+yhUsJ6e4X41CQsn6UsOM4osGCpw=",
      "System.ObjectModel.wasm": "sha256-5xbX2Aj9qb36G90UaUcSkGP+R5fgqGN/qNYcKyCF/2Y=",
      "System.Private.CoreLib.wasm": "sha256-hOPlM4LVWgKqbyjEelJE465qDolm55LlWEiEywxSLks=",
      "System.Private.Uri.wasm": "sha256-RwiN8BooVK6lja73IlpVPMkJLW8AB9xyIleJAPq5XJ8=",
      "System.Resources.ResourceManager.wasm": "sha256-3ub9MMu0qdg3dBPjwwuXsAypH83SSB56Ebj/xJDE0CU=",
      "System.Runtime.InteropServices.JavaScript.wasm": "sha256-TAtIMM4NMjNrLChnEM9FoIlR3eVDVC5v/KP+4FwGQxE=",
      "System.Runtime.Serialization.Primitives.wasm": "sha256-s9IFHjJPMelArANlsFOrYAddzAfkWbMFNJ2alqD0yL8=",
      "System.Runtime.wasm": "sha256-b0aNZQb7VigITg20sI7YZt1Lr++cvL8L4hX51GUmW6w=",
      "System.Security.Cryptography.Algorithms.wasm": "sha256-ft3KDGbehj1DPMZkTF+5QBSl5D2Z6Upl1JdhmKqDzDI=",
      "System.Security.Cryptography.Primitives.wasm": "sha256-1m6rT8aSMqlpIZrYocVH6u09W6jlnGvN7YPPJhFMnJs=",
      "System.Security.Cryptography.wasm": "sha256-vrgbmuLwyy3RjOeTH7K3hylTN7O3QGuIDmEkrxievhU=",
      "System.Text.Encodings.Web.wasm": "sha256-roAD9oxlySPskG/f0YnoUDWlRpxhu89rnf8M89edL/o=",
      "System.Text.Json.wasm": "sha256-x5RiNwJJkiVFxBOkQwPvpPql5Bw+qR9c4joOxKtx5WE=",
      "System.Text.RegularExpressions.wasm": "sha256-ITWndLGDh1nGG47VTBRWTU8ADbv8cZbeOdFbVU6eaWo=",
      "System.Threading.Tasks.Extensions.wasm": "sha256-jaCpI4SkA2DycsvneXXGSvXL2vSHcB4pq2BViPZ9Tss=",
      "System.Threading.Tasks.wasm": "sha256-aB7kBookeCVBtzYATufS+qj9IVO0PFezYsejrhPp9Nc=",
      "System.Threading.ThreadPool.wasm": "sha256-eNBF1NZQUbRQjxvGUcD6aar+fOV3ce7z5DfrjoUAP+k=",
      "System.Threading.wasm": "sha256-qhlc8E4VB9NeqTs0Waw9wCyCyqkZeRKSqOnl5v3V7EY=",
      "System.Transactions.Local.wasm": "sha256-jernLhoQUiUiVNuFfKzz58Ftzo+fg+nfM1ygpQ22RQs=",
      "System.wasm": "sha256-42a4+5LjOVNJZ9qrtuq44hJuXPS03tHmXb7Kauk7pEg=",
      "System.Web.HttpUtility.wasm": "sha256-hTvlIzeMsDFDNzWX7qraTShNe5hpXdmFYMA8vjlrJQw="
    },
    "satelliteResources": {
      "zh-CN": {
        "CloudDriveWasm.resources.wasm": "sha256-v07uAE7ftCYluQyUi3CMLrK30XPiWRPGx9pJHjYn0RU="
      }
    }
  },
  "cacheBootResources": true,
  "debugLevel": 0,
  "linkerEnabled": true,
  "globalizationMode": "sharded",
  "extensions": {
    "blazor": {}
  }
}