{
  "entryAssembly": "CloudDriveWasm",
  "resources": {
    "hash": "sha256-nF9nIj7L8GWd/0qiDGx0L75vTjQ7C37BW5/65TeMhJk=",
    "runtime": {
      "dotnet.7.0.14.y3ph6v0qph.js": "sha256-YWGUknGRzP/fgO6YjvCJKPVQNZAPEd6ll+rHfQEIW+I=",
      "dotnet.timezones.blat": "sha256-t5xviiOQTfAsF0UDhmcyalKiaehUmf/sqJl97tmPM0M=",
      "dotnet.wasm": "sha256-Oyo/i3KkRvFfEKDQqn9DjK1HWx19Z6eCVCNsUFQPSJU=",
      "icudt_CJK.dat": "sha256-SZLtQnRc0JkwqHab0VUVP7T3uBPSeYzxzDnpxPpUnHk=",
      "icudt_EFIGS.dat": "sha256-8fItetYY8kQ0ww6oxwTLiT3oXlBwHKumbeP2pRF4yTc=",
      "icudt_no_CJK.dat": "sha256-L7sV7NEYP37/Qr2FPCePo5cJqRgTXRwGHuwF5Q+0Nfs="
    },
    "assembly": {
      "BencodeNET.dll": "sha256-FjVFcMgw2wf7JcC61eCTlB8n85oE+MCx1x6arxKffvY=",
      "Blazored.LocalStorage.dll": "sha256-5V8ovY1srbIIz7lzzMhLd3nNJ9LJ6bHoBOnLJahv8Go=",
      "Blazored.Modal.dll": "sha256-Sr30UiM7JErBe8hojY6HAgaOOgfQE5zHijI0uVypmkM=",
      "BlazorPagination.dll": "sha256-dMHq7CrMWeHn5R1pN72TRE/5YJfstWId26CDK9F0fKc=",
      "CloudDriveWasm.dll": "sha256-j+A9IATFdA7K8FN5lzGGZwFRgClMRr2vSQtOf49X+0Y=",
      "Google.Protobuf.dll": "sha256-C9kKLK75rbiWyychoGcMQP8CKxblxmOP7OSv81NJZkg=",
      "Grpc.Core.Api.dll": "sha256-fimevDAwSbB+irIQ/a271GGXesy5D7tJIB728nPCs3M=",
      "Grpc.Net.Client.dll": "sha256-SgM2ZlfBxZnSPqB+gZXK+zMNc8KSIuTqN8zBKg/RBuM=",
      "Grpc.Net.Client.Web.dll": "sha256-R+X6kGtzxl6YQ3rsIX6K9i1XaSPR8086axioRqpPHzw=",
      "Grpc.Net.Common.dll": "sha256-sNO4OtNlp7k9BkBnN09gEkulV2U7tzd0wk4kCrbmC7U=",
      "Microsoft.AspNetCore.Components.dll": "sha256-fQDVrW+Dt/bJO3RFCSfl+7XxP8MWBOVcG4k2Q6zcNMU=",
      "Microsoft.AspNetCore.Components.Forms.dll": "sha256-dBs6vMrxh6DDQ2+d7wpybkkQA7r791KCEotjZ+WTls8=",
      "Microsoft.AspNetCore.Components.Web.dll": "sha256-nXmehc05Jn+eo4HVJHqdVThPAAlPibxz6tkOGiIjN8g=",
      "Microsoft.AspNetCore.Components.WebAssembly.dll": "sha256-QzUgDXXq8xMSlhOGIC+9mfCOrM5Et3MsqnDTl7EYqIM=",
      "Microsoft.Bcl.AsyncInterfaces.dll": "sha256-EcDo/GQZkQrOT1Xd0jMPE3NwT5lsMq5DNsPxHVidLDQ=",
      "Microsoft.Bcl.HashCode.dll": "sha256-y5+O+HE1PNgSn0TwPo3hH4YjhuwltS3gYIkrSTD2QOs=",
      "Microsoft.EntityFrameworkCore.Abstractions.dll": "sha256-jwuU8F7rNVOmV+vsvTYo3KNLtZkkSHB9wtU8kiR5Pqc=",
      "Microsoft.EntityFrameworkCore.dll": "sha256-jn/W0gQUemSfH2Jjn1HqrwruNu1qxVd6nZ9M6nSGvBs=",
      "Microsoft.Extensions.Caching.Abstractions.dll": "sha256-MAKm1/l29LzNn+uTDX/syx4a2rUfhiDIqjtZDkNKUjs=",
      "Microsoft.Extensions.Caching.Memory.dll": "sha256-HYFgNAjDjPbemdbcK+C34iuaskOuHBwiGN0QzTsiFLc=",
      "Microsoft.Extensions.Configuration.Abstractions.dll": "sha256-X/f4fDl2cuIRXeWHhK/f2UqQbFioD+RU4a4CEh0zrrQ=",
      "Microsoft.Extensions.Configuration.dll": "sha256-9PTAXNUj49C5pebEVtTsoRpdXR2henU28twwbTuo3DE=",
      "Microsoft.Extensions.Configuration.Json.dll": "sha256-Q5AqJneA2TZnzC0IYzBx6j/tHRhWAeMbpH3BsV7KgWg=",
      "Microsoft.Extensions.DependencyInjection.Abstractions.dll": "sha256-kxAYIWa4rTM01T04SrOuuZNppQ+W/iJzCLIs7KxSTKk=",
      "Microsoft.Extensions.DependencyInjection.dll": "sha256-vfrYKEAFFCox24A0WSVpyXSmb37165rnBqpkyUF/QwA=",
      "Microsoft.Extensions.Localization.Abstractions.dll": "sha256-jxilw3dTYiL4yptdDe9Kh44ZYux2Qks9xEkn9KaidEo=",
      "Microsoft.Extensions.Localization.dll": "sha256-oL+8vEgiohIU/VOsIukfsaS53JGMyOPV5Grr6Zd6TSk=",
      "Microsoft.Extensions.Logging.Abstractions.dll": "sha256-XziYyWU765MMEbzjWk3br4shQynO1GyLBHH65ejG+8M=",
      "Microsoft.Extensions.Logging.dll": "sha256-Ph4JcBVRl6blMiw7aGCuJ6OrNtzL9k/obvxIVmqeWNQ=",
      "Microsoft.Extensions.Options.dll": "sha256-wre+hKKXkMGMevyOJFZjGvHYCrTSOFu4So3qzesaeIA=",
      "Microsoft.Extensions.Primitives.dll": "sha256-sPdkv1wd7P3O4JLiHZIrkTi2eeGHGBkIkMvVy8fOjvM=",
      "Microsoft.JSInterop.dll": "sha256-FbqFFKuDkxP8f8xTcw853QZKNLn19dkrt9NUHX6sHt0=",
      "Microsoft.JSInterop.WebAssembly.dll": "sha256-LIeei4/JFd3TBbtpEc1rneu+zOw4UNmSksghADw1m1I=",
      "netstandard.dll": "sha256-I4oQOWOO25582F3mGhPpvPSKG6QCHpAmU5I6yS4k2us=",
      "System.Collections.Concurrent.dll": "sha256-zglBbSy672u08DEQ1+YwX4Yl0MgfGjgEGuLnAmKXwXM=",
      "System.Collections.dll": "sha256-7vpzG1GAxpcEEeVHKYWqfcGNF41Z4CkLYVgS1Iy1qIs=",
      "System.Collections.Immutable.dll": "sha256-CBWNIj4Lo5Hl1q2EpIZzImEII5TzgjFdfyViFIf+MHo=",
      "System.Collections.NonGeneric.dll": "sha256-1UEABEBCgACC6W0x9j26lOZzHvDrZyuGrO73NmmBVGc=",
      "System.Collections.Specialized.dll": "sha256-hZanTo5WB8tmWzcFFd5Y2eOaFcjhIJyoTkqXY6XcXH0=",
      "System.ComponentModel.Annotations.dll": "sha256-wGx+hFJIEZod8IpBMgVr7UjAQdir6xNQLQj7hytYOQs=",
      "System.ComponentModel.dll": "sha256-pGP1Cnq1M/2Hkyb2tJWqyVXzPDBaqoWBi3pBs4L1Cbg=",
      "System.ComponentModel.Primitives.dll": "sha256-pDAVs4pjCWsH2mJpbHtVScpPQ+xA5ZAT1vD4h55sLhY=",
      "System.ComponentModel.TypeConverter.dll": "sha256-rhjdHFs7Pkf1S5UAf8s7ifSZT/ZHiRRwh+sGbU/MQTc=",
      "System.Console.dll": "sha256-RgUSLKN1PaO1UpxDBiL8BoLkVgYkXmHmBqnJ0vnMpBc=",
      "System.Diagnostics.Debug.dll": "sha256-OhzK8dT6J0EFhgy4v/C39bzmD2mmfJCXe+YYvmEiYyY=",
      "System.Diagnostics.DiagnosticSource.dll": "sha256-u6k1eBBh0J/ra0dvC4kKxfyUitG2Gtf+jO2tjIPoBZw=",
      "System.dll": "sha256-6ikjWsGy0Vvl2DPgoSvgFFGjtng+mEdqfQ735EeaORs=",
      "System.IO.Compression.dll": "sha256-as9CvQ/gCAAn2SWWxE04hxNJbgKWBsy3ZpBH7fTFyd0=",
      "System.IO.Pipelines.dll": "sha256-CPWRlou1jlcDvjFO+Szz3QH3/IGXpZ7w8Is28Gypou4=",
      "System.Linq.dll": "sha256-BPouKfuNSVSybMsLbFWTymkbqxB+eouyceCPDId9Ulo=",
      "System.Linq.Expressions.dll": "sha256-RwxYUKi4MneUTn0Xs4fW4uvJVhDsbtNha84HF/MDl3E=",
      "System.Linq.Queryable.dll": "sha256-0V4DZ9XD6zW17MNmVsZQXEraBFNH9qbr2QuUX/aQYNc=",
      "System.Memory.dll": "sha256-cDN9aSI2TML6/hAlC/JY1HCrAexAcfKWXIgmtnEL6nM=",
      "System.Net.Http.dll": "sha256-GFYa932MjoDCLUW3z9ibde2xwxf1Pkzx0Mxjdgae78Q=",
      "System.Net.NameResolution.dll": "sha256-s6VFpcSl+94B561jBwjaC1hVhd8dUKJK8XmG8tHzJnQ=",
      "System.Net.Primitives.dll": "sha256-9WImMjoKT7k73OGUnK6tag/KjJFzbSykphsXRnqwMMU=",
      "System.Net.Sockets.dll": "sha256-XyA1fUFUwom/ZSAhCrPVVXZBhw9THSwVbn+K/5Lq+hU=",
      "System.ObjectModel.dll": "sha256-i8HZcNAkWMik2+Hw0z09wIXcyRQ8w+ioYq27lUwNhIE=",
      "System.Private.CoreLib.dll": "sha256-JLo6g7UU2SB9ITI1/GI/jKeh1h4Vh77b4SCJBI88yIA=",
      "System.Private.Uri.dll": "sha256-Lv4SiEKnkQ70H1sxcWQcbtRND1Kadp3aOzW4rlBBOuI=",
      "System.Resources.ResourceManager.dll": "sha256-IXepAnZ449RXMmGQgitvWMugkm8/EPGtr2oELVFq2zU=",
      "System.Runtime.dll": "sha256-h+x9StR/JfiXDgZAS6ZFnq+hVgztG5RcouJgv9YcT/A=",
      "System.Runtime.InteropServices.JavaScript.dll": "sha256-V6M5CXR+JpCjLiC7yftWX0J58hkjLibTP7jbc1e+sL8=",
      "System.Security.Cryptography.Algorithms.dll": "sha256-KwDH5knlNPPz6ySgToNCElZfKl73dbQbVOIsCcLnfIM=",
      "System.Security.Cryptography.dll": "sha256-7spTb3H6KTE2C7v9IiIIOGpS5IzSwA/8/2hvMMJSYHY=",
      "System.Security.Cryptography.Primitives.dll": "sha256-qVqB9Fevm+hlAFihJXpQ6yMBjp1BWdT/lhjM+p947AU=",
      "System.Text.Encodings.Web.dll": "sha256-bOs2gamD3eRmuwPs45F7UWWjRzRCriJxq1eZcdFogwk=",
      "System.Text.Json.dll": "sha256-aewPeDSOpzxyFCBT/OpcvCTTKWuc1A4usJrCNxY1s6g=",
      "System.Text.RegularExpressions.dll": "sha256-1rZ3No8fcgnpb9PjdKuVfPdQUUcwLaxybof8KySgr7k=",
      "System.Threading.dll": "sha256-NeiaI5XEW//W75TGDl+Ri4Kqm96VA0HnO+dXlnNk/hE=",
      "System.Threading.Tasks.dll": "sha256-Ukv0b2WStts+onfc7OkmhfxJEXjw1pvQwVPMMpzk7xo=",
      "System.Threading.Tasks.Extensions.dll": "sha256-wD2RT7prXGAegMaQwYl/1JhAHy6yqjYyhEWV6lUYFbY=",
      "System.Threading.ThreadPool.dll": "sha256-TXyvOCn+n1lpc1KBTh+lBQTI//GxUlIaZaHkfNdZ27Q=",
      "System.Transactions.Local.dll": "sha256-ZWA+4RFGTdE78ZHSsR1n2DWXmBWxcl2Co4uvcIU4Yjc=",
      "System.Web.HttpUtility.dll": "sha256-4KKow2TiWVXS0ViCKSsKtG35pqzUHz90ZhtW/YOCUmI="
    },
    "satelliteResources": {
      "zh-CN": {
        "zh-CN/CloudDriveWasm.resources.dll": "sha256-HhXH3eFz1/eAReHU6vxp5bA4IQ4K+gZXHWqtlQovHYU="
      }
    },
    "runtimeAssets": {
      "dotnet.wasm": {
        "hash": "sha256-Oyo/i3KkRvFfEKDQqn9DjK1HWx19Z6eCVCNsUFQPSJU=",
        "behavior": "dotnetwasm"
      }
    }
  },
  "cacheBootResources": true,
  "debugBuild": false,
  "debugLevel": 0,
  "linkerEnabled": true,
  "config": [],
  "icuDataMode": 0,
  "extensions": {
    "blazor": {}
  }
}