{
  "cacheBootResources": true,
  "config": [ ],
  "debugBuild": false,
  "entryAssembly": "CloudDriveWasm",
  "icuDataMode": 0,
  "linkerEnabled": true,
  "resources": {
    "assembly": {
      "BencodeNET.dll": "sha256-FjVFcMgw2wf7JcC61eCTlB8n85oE+MCx1x6arxKffvY=",
      "Blazored.LocalStorage.dll": "sha256-5V8ovY1srbIIz7lzzMhLd3nNJ9LJ6bHoBOnLJahv8Go=",
      "Blazored.Modal.dll": "sha256-Sr30UiM7JErBe8hojY6HAgaOOgfQE5zHijI0uVypmkM=",
      "BlazorPagination.dll": "sha256-dMHq7CrMWeHn5R1pN72TRE\/5YJfstWId26CDK9F0fKc=",
      "CloudDriveWasm.dll": "sha256-W4VoLwRKtiXt7Cgz5oUuFI5IS\/rgTqe3J1P8lC+tQ7A=",
      "Google.Protobuf.dll": "sha256-pdFNgiIUN3l6ovbtXjA+xVaa\/ASdEyoJmMCOe0FhqBU=",
      "Grpc.Core.Api.dll": "sha256-g6lTCC51T9iv6m2TyYME2iTakY\/AOpaVBH3obL9jtnU=",
      "Grpc.Net.Client.dll": "sha256-TKQwvgTD\/Si8nrlDkxx10uo+LlDeUfG2rd6vcCPnptE=",
      "Grpc.Net.Client.Web.dll": "sha256-ItNwlFZ9GisRnh7tEDv59wwyNFlODH6LEcvE2qOlSFY=",
      "Grpc.Net.Common.dll": "sha256-RT9E6YbzkLiQKSSqjnRTRYnNeCi48fdPktecoBa3f3Q=",
      "Microsoft.AspNetCore.Components.dll": "sha256-ZrHh9as98URFu7w58eXpA9mo7Gdz0nRguwiy+gb67MY=",
      "Microsoft.AspNetCore.Components.Forms.dll": "sha256-yxySASdoEQnPIg6UgjQ6wRDp12No9olYuP4CFSJk\/4Q=",
      "Microsoft.AspNetCore.Components.Web.dll": "sha256-sSCgKt6Ykgbs0UL+1i6tYOXI2Af280uRWAPQ3rxZ6XY=",
      "Microsoft.AspNetCore.Components.WebAssembly.dll": "sha256-m0+IR0W7\/ZrfVN7t9pAQTd4tmbrR8sA2Aduu2pr66cQ=",
      "Microsoft.Bcl.AsyncInterfaces.dll": "sha256-EcDo\/GQZkQrOT1Xd0jMPE3NwT5lsMq5DNsPxHVidLDQ=",
      "Microsoft.Bcl.HashCode.dll": "sha256-y5+O+HE1PNgSn0TwPo3hH4YjhuwltS3gYIkrSTD2QOs=",
      "Microsoft.EntityFrameworkCore.Abstractions.dll": "sha256-jwuU8F7rNVOmV+vsvTYo3KNLtZkkSHB9wtU8kiR5Pqc=",
      "Microsoft.EntityFrameworkCore.dll": "sha256-jn\/W0gQUemSfH2Jjn1HqrwruNu1qxVd6nZ9M6nSGvBs=",
      "Microsoft.Extensions.Caching.Abstractions.dll": "sha256-MAKm1\/l29LzNn+uTDX\/syx4a2rUfhiDIqjtZDkNKUjs=",
      "Microsoft.Extensions.Caching.Memory.dll": "sha256-HYFgNAjDjPbemdbcK+C34iuaskOuHBwiGN0QzTsiFLc=",
      "Microsoft.Extensions.Configuration.Abstractions.dll": "sha256-X\/f4fDl2cuIRXeWHhK\/f2UqQbFioD+RU4a4CEh0zrrQ=",
      "Microsoft.Extensions.Configuration.dll": "sha256-9PTAXNUj49C5pebEVtTsoRpdXR2henU28twwbTuo3DE=",
      "Microsoft.Extensions.Configuration.Json.dll": "sha256-Q5AqJneA2TZnzC0IYzBx6j\/tHRhWAeMbpH3BsV7KgWg=",
      "Microsoft.Extensions.DependencyInjection.Abstractions.dll": "sha256-kxAYIWa4rTM01T04SrOuuZNppQ+W\/iJzCLIs7KxSTKk=",
      "Microsoft.Extensions.DependencyInjection.dll": "sha256-vfrYKEAFFCox24A0WSVpyXSmb37165rnBqpkyUF\/QwA=",
      "Microsoft.Extensions.Localization.Abstractions.dll": "sha256-qpmCkxaSdzyOsX2JgirwtUlTOnblEDzbSfb+89FNJ3M=",
      "Microsoft.Extensions.Localization.dll": "sha256-VYa5mJgGDpoETmefBp4zXBUGJNCpPYYGSvFX2jTfcT0=",
      "Microsoft.Extensions.Logging.Abstractions.dll": "sha256-XziYyWU765MMEbzjWk3br4shQynO1GyLBHH65ejG+8M=",
      "Microsoft.Extensions.Logging.dll": "sha256-Ph4JcBVRl6blMiw7aGCuJ6OrNtzL9k\/obvxIVmqeWNQ=",
      "Microsoft.Extensions.Options.dll": "sha256-wre+hKKXkMGMevyOJFZjGvHYCrTSOFu4So3qzesaeIA=",
      "Microsoft.Extensions.Primitives.dll": "sha256-sPdkv1wd7P3O4JLiHZIrkTi2eeGHGBkIkMvVy8fOjvM=",
      "Microsoft.JSInterop.dll": "sha256-OR+a2KN\/EGFc\/jvnclIdlp+vynwTrwwMlTseN\/BYXg8=",
      "Microsoft.JSInterop.WebAssembly.dll": "sha256-bzbqcJ6KmXNtttCdwlY3JqqzIuFo0rRDUc7qjI8CKYM=",
      "netstandard.dll": "sha256-bCyDZWg3vi9Fsj8pphWtPgiDlYJzwStgOIeHZACvBxg=",
      "System.Collections.Concurrent.dll": "sha256-EZIbu8LnAhLHreycA8RaRu1MASM533AlVjQLLu0sUqw=",
      "System.Collections.dll": "sha256-Djzmqaa+v7vO1Y5W8OHAf9xDaoy+ang5PSW+QUavDLM=",
      "System.Collections.Immutable.dll": "sha256-PRkrykRM6IhoN533jr+FMeWhJGi3fk3PptXTnRzO3dc=",
      "System.Collections.NonGeneric.dll": "sha256-+LhwT8X46bBlUp+0eU5ZPKVUDx8tjMJULZiuEjjI3ME=",
      "System.Collections.Specialized.dll": "sha256-c9YkZTbdtp9Jn4ZaesXsyhDQETlPsJJIKGonWRE+STc=",
      "System.ComponentModel.Annotations.dll": "sha256-Z2QDOAtYb3bZKDK7M4jBPNPuqnWEMI1pOFX+zyE6p1A=",
      "System.ComponentModel.dll": "sha256-7Q\/NXN65gE4JtXUu61hnC8nYnGpfPndS4I8Tds2v5uo=",
      "System.ComponentModel.Primitives.dll": "sha256-ij1a2QayyVTjEpd5woBypJJK6QPghuTaCvF5XkK5GCI=",
      "System.ComponentModel.TypeConverter.dll": "sha256-zO9GACVQSmXQThMmeulJHet9D1kjyGBC69MqvqqAl\/A=",
      "System.Console.dll": "sha256-WmNKGb0rjl6cN2mDjLaBUDyrmRZs90QGvFTI3Ffw96s=",
      "System.Diagnostics.Debug.dll": "sha256-+B0YWcU3GccvCMM33kTSBhkg9uTZoo0EzHnIx0U86Uc=",
      "System.Diagnostics.DiagnosticSource.dll": "sha256-xusXIQ+rG+O3mDub92J72\/F6uyZXZm5n3WQgM8FSQwo=",
      "System.dll": "sha256-0FM7lecMRXqYYN0oYnNU8NC1ipKpU+jYHuHkgK73cvo=",
      "System.IO.Compression.dll": "sha256-99G2o1OyV6zj4oxK9UocCkQ\/1EHlvzTXJpd0asW6Qiw=",
      "System.IO.Pipelines.dll": "sha256-CPWRlou1jlcDvjFO+Szz3QH3\/IGXpZ7w8Is28Gypou4=",
      "System.Linq.dll": "sha256-F9FDRspNzYFcClzi07Yeyy\/IlMLP0hh34eyAWMZVbRo=",
      "System.Linq.Expressions.dll": "sha256-7hjTQIfyuOJyhULu0Pknf+EC47tf1UFIFUT65pHQcco=",
      "System.Linq.Queryable.dll": "sha256-66Ok0xLKu7Mr+nlGasQ8hF7LkTV6wCnjZg4hhXWY9u0=",
      "System.Memory.dll": "sha256-t489k16Eu7HNmnFqPGpWYQQhgowI1WFpdjK4Jf0i1ts=",
      "System.Net.Http.dll": "sha256-Ijx5X9QK5cOrgJ\/7PfRD+nGcvYkCBENaXGFPEk9uYzw=",
      "System.Net.NameResolution.dll": "sha256-Ld+XMHxnrGOA4PUHX5USWUk2PbnyC3xCUYyRsL8pFjE=",
      "System.Net.Primitives.dll": "sha256-NQKSSP+Cs82DxDf3uZAxwopstJbcRf9uQNDEMAR2ei4=",
      "System.Net.Sockets.dll": "sha256-722kyneV2BvrI8MofIpcHsw7NzI3\/Em7gWWqtQHR5Sg=",
      "System.ObjectModel.dll": "sha256-7T7t1M3YbUEOF+r7YQ\/EuIXdaOiNJTjStUAwYdKYzbM=",
      "System.Private.CoreLib.dll": "sha256-PBGMEU\/xpXSjSk+iPuHwIG28LHuZRqKQavWkCC1ZzUo=",
      "System.Private.Uri.dll": "sha256-StUF6bWB8fNAhhkHr4pYw\/GKMapthsKPd53YhUUZxhQ=",
      "System.Resources.ResourceManager.dll": "sha256-gfCtvlJz\/XDrf9zQhjXLCPvaKIo3KtddZI7gPyU6SBk=",
      "System.Runtime.dll": "sha256-zxFiPkyi+cDNay7yDnYWwnwo\/EDzCNuZJ3UWRmqOThg=",
      "System.Runtime.InteropServices.JavaScript.dll": "sha256-MC8P5BswE5sDJgKgKCNyNj44Z4mbH\/uyPUvKUaV\/xwo=",
      "System.Security.Cryptography.Algorithms.dll": "sha256-qY06eFB2zBnw31pOlahbRlFnbJ8uH0U4V7g8PJh6ecY=",
      "System.Security.Cryptography.dll": "sha256-X\/Fi256WiL4wJ0rSbx\/NZJ2ksIKZpQStNQ3JZBwa0K0=",
      "System.Security.Cryptography.Primitives.dll": "sha256-TvapSsqm+vUhNV+SwTA9hbJVbbHO0mCy77vpZNQfAEY=",
      "System.Text.Encodings.Web.dll": "sha256-7c\/x+3P1B2yjC4SneODQOtfVfiMPZ0O12n8fjkh75+k=",
      "System.Text.Json.dll": "sha256-ydA7Iw2L7fyCWla+gUU5+0II3kO0+nolw+HfvF9oI1Q=",
      "System.Text.RegularExpressions.dll": "sha256-o0K42tgav4KKFOGkkWMSjKYFCc9tI3D7aJdzHNpRmFc=",
      "System.Threading.dll": "sha256-\/tFkCgv8wfG7TJEK\/32kdBmPRa+rHB7vHDHOJ9Lg\/k0=",
      "System.Threading.Tasks.dll": "sha256-VlEvzPB6dFyytt97454ZXbovTM7J0G+0pE8+np8f6TE=",
      "System.Threading.Tasks.Extensions.dll": "sha256-t8BMruUaQl\/oR3kiC+0iXQVa+O\/IqXiRHmxzHmGj4uo=",
      "System.Threading.ThreadPool.dll": "sha256-YJemRS4vATDyzi2hooYtNyd8UMTWUo+1+sZm+e+viBg=",
      "System.Transactions.Local.dll": "sha256-ULYruBKJNoKk1duf2PzCHSAVRwI4Z4YNPSYP1GV3g+4=",
      "System.Web.HttpUtility.dll": "sha256-tNZejDD68n6BwuxZQEyI1ZKrQvNCMllRlXsAbHuKNkE="
    },
    "extensions": null,
    "lazyAssembly": null,
    "libraryInitializers": null,
    "pdb": null,
    "runtime": {
      "dotnet.7.0.11.nceedt8pa0.js": "sha256-RtIVigdAD1mUvR4pxoKyD8kcQgw4INP81v+PVSqkeQY=",
      "dotnet.timezones.blat": "sha256-gIJRsMe\/q4cM8EeOn+wrpfipBqBOq0niTDjqSBdXsVI=",
      "dotnet.wasm": "sha256-hm1Mz+MEUcCzB1ptOGcOa7Kdyb4wf5\/XLZCe8VoiqkU=",
      "icudt.dat": "sha256-tO5O5YzMTVSaKBboxAqezOQL9ewmupzV2JrB5Rkc8a4=",
      "icudt_CJK.dat": "sha256-SZLtQnRc0JkwqHab0VUVP7T3uBPSeYzxzDnpxPpUnHk=",
      "icudt_EFIGS.dat": "sha256-8fItetYY8kQ0ww6oxwTLiT3oXlBwHKumbeP2pRF4yTc=",
      "icudt_no_CJK.dat": "sha256-L7sV7NEYP37\/Qr2FPCePo5cJqRgTXRwGHuwF5Q+0Nfs="
    },
    "runtimeAssets": {
      "dotnet.wasm": {
        "behavior": "dotnetwasm",
        "hash": "sha256-hm1Mz+MEUcCzB1ptOGcOa7Kdyb4wf5\/XLZCe8VoiqkU="
      }
    },
    "satelliteResources": {
      "zh-CN": {
        "zh-CN\/CloudDriveWasm.resources.dll": "sha256-2kqVYlx50r8Z42VXT5lTnSte97XklF51zyC2hvRpS8w="
      }
    }
  }
}