{
  "cacheBootResources": true,
  "config": [ ],
  "debugBuild": false,
  "entryAssembly": "CloudDriveWasm",
  "icuDataMode": 0,
  "linkerEnabled": true,
  "resources": {
    "assembly": {
      "BencodeNET.dll": "sha256-FjVFcMgw2wf7JcC61eCTlB8n85oE+MCx1x6arxKffvY=",
      "Blazored.LocalStorage.dll": "sha256-5V8ovY1srbIIz7lzzMhLd3nNJ9LJ6bHoBOnLJahv8Go=",
      "Blazored.Modal.dll": "sha256-Sr30UiM7JErBe8hojY6HAgaOOgfQE5zHijI0uVypmkM=",
      "BlazorPagination.dll": "sha256-dMHq7CrMWeHn5R1pN72TRE\/5YJfstWId26CDK9F0fKc=",
      "CloudDriveWasm.dll": "sha256-PLZlE236lsdGIZAT0VrwtWuW8+\/QXk02bWT86ZnKMz4=",
      "Google.Protobuf.dll": "sha256-TdEZAI0Vuntv2i\/CEC4xyQ12a6IRNnhzp9A1Pqq4WKg=",
      "Grpc.Core.Api.dll": "sha256-g6lTCC51T9iv6m2TyYME2iTakY\/AOpaVBH3obL9jtnU=",
      "Grpc.Net.Client.dll": "sha256-TKQwvgTD\/Si8nrlDkxx10uo+LlDeUfG2rd6vcCPnptE=",
      "Grpc.Net.Client.Web.dll": "sha256-ItNwlFZ9GisRnh7tEDv59wwyNFlODH6LEcvE2qOlSFY=",
      "Grpc.Net.Common.dll": "sha256-RT9E6YbzkLiQKSSqjnRTRYnNeCi48fdPktecoBa3f3Q=",
      "Microsoft.AspNetCore.Components.dll": "sha256-3o2Xz9YmFwMwBo6bekV4k+OPZwpzjhLf5bjHOjHiEzw=",
      "Microsoft.AspNetCore.Components.Forms.dll": "sha256-YLpSdQNH6BvnDtP5WO1Ix0NKXwDzsnqDbRy3o3CA9aI=",
      "Microsoft.AspNetCore.Components.Web.dll": "sha256-dFDu8b7KtEJQRm6xhkXxVCPpPdFVaKbpr3K3Vt6F6oc=",
      "Microsoft.AspNetCore.Components.WebAssembly.dll": "sha256-fHRcV1aH6zkgQDPDavjk2Vj2xZiIc8sLN74bVNm1IV8=",
      "Microsoft.Bcl.AsyncInterfaces.dll": "sha256-EcDo\/GQZkQrOT1Xd0jMPE3NwT5lsMq5DNsPxHVidLDQ=",
      "Microsoft.Bcl.HashCode.dll": "sha256-y5+O+HE1PNgSn0TwPo3hH4YjhuwltS3gYIkrSTD2QOs=",
      "Microsoft.EntityFrameworkCore.Abstractions.dll": "sha256-jwuU8F7rNVOmV+vsvTYo3KNLtZkkSHB9wtU8kiR5Pqc=",
      "Microsoft.EntityFrameworkCore.dll": "sha256-jn\/W0gQUemSfH2Jjn1HqrwruNu1qxVd6nZ9M6nSGvBs=",
      "Microsoft.Extensions.Caching.Abstractions.dll": "sha256-MAKm1\/l29LzNn+uTDX\/syx4a2rUfhiDIqjtZDkNKUjs=",
      "Microsoft.Extensions.Caching.Memory.dll": "sha256-HYFgNAjDjPbemdbcK+C34iuaskOuHBwiGN0QzTsiFLc=",
      "Microsoft.Extensions.Configuration.Abstractions.dll": "sha256-X\/f4fDl2cuIRXeWHhK\/f2UqQbFioD+RU4a4CEh0zrrQ=",
      "Microsoft.Extensions.Configuration.dll": "sha256-9PTAXNUj49C5pebEVtTsoRpdXR2henU28twwbTuo3DE=",
      "Microsoft.Extensions.Configuration.Json.dll": "sha256-Q5AqJneA2TZnzC0IYzBx6j\/tHRhWAeMbpH3BsV7KgWg=",
      "Microsoft.Extensions.DependencyInjection.Abstractions.dll": "sha256-kxAYIWa4rTM01T04SrOuuZNppQ+W\/iJzCLIs7KxSTKk=",
      "Microsoft.Extensions.DependencyInjection.dll": "sha256-vfrYKEAFFCox24A0WSVpyXSmb37165rnBqpkyUF\/QwA=",
      "Microsoft.Extensions.Localization.Abstractions.dll": "sha256-hXcGBNUG2DeKwpd9d6WfHIFm87Z2rkTWW4nFNoanF4s=",
      "Microsoft.Extensions.Localization.dll": "sha256-U+NRdaIDn7fu335wVvTJCokX6dw\/yPHDE9NOdarL1H8=",
      "Microsoft.Extensions.Logging.Abstractions.dll": "sha256-XziYyWU765MMEbzjWk3br4shQynO1GyLBHH65ejG+8M=",
      "Microsoft.Extensions.Logging.dll": "sha256-Ph4JcBVRl6blMiw7aGCuJ6OrNtzL9k\/obvxIVmqeWNQ=",
      "Microsoft.Extensions.Options.dll": "sha256-wre+hKKXkMGMevyOJFZjGvHYCrTSOFu4So3qzesaeIA=",
      "Microsoft.Extensions.Primitives.dll": "sha256-sPdkv1wd7P3O4JLiHZIrkTi2eeGHGBkIkMvVy8fOjvM=",
      "Microsoft.JSInterop.dll": "sha256-C7rvODTOKbsdXUYkfssaq\/yvCRQnSYqXo7H8A5mgLHE=",
      "Microsoft.JSInterop.WebAssembly.dll": "sha256-hrrqtgOYJLG2GCHTtuYdpVxhECNov3eN6Sy\/Di9cooQ=",
      "netstandard.dll": "sha256-MRe1r6QQ7yCkYQHylHWIuwA1PIWz4NqOZzLiQm4Bw1c=",
      "System.Collections.Concurrent.dll": "sha256-OxEWhtMnbvx2MFaPHdB\/vuLJYOZgzZ4CSMbYyPM3SgE=",
      "System.Collections.dll": "sha256-rnxn+9SMuR00gUM\/Lw8snMJxfwTNl2jNQK0qSNMUSi4=",
      "System.Collections.Immutable.dll": "sha256-E375JVV0xT0d\/hAzlrqT\/8iK4wMkC6P4eiuA1+Kd4Yg=",
      "System.Collections.NonGeneric.dll": "sha256-9jmB5+09R0KMLqwMonSzlhrdo8SOlpcbG5U7yutAGNU=",
      "System.Collections.Specialized.dll": "sha256-h8gPEeFR204UElJ9Zy+tax1Gvg7mDnWvMCAPFos3Xpw=",
      "System.ComponentModel.Annotations.dll": "sha256-PabegnMR78lSaTnffhLlyo4GSsv7uIQgMp0Z8zZ8HRQ=",
      "System.ComponentModel.dll": "sha256-rlxn8B8ZL9MmrA8Z6No3be1RqFhVusoQqKJeEae17JE=",
      "System.ComponentModel.Primitives.dll": "sha256-YAIPoX6CCoR26ans9p+qDi9SKUCnGD9FCzXbtQf5Qyo=",
      "System.ComponentModel.TypeConverter.dll": "sha256-uEQW\/Hc0Mkquwg\/MtHxyNy2T1zROyEadRLZzb3D0Qs4=",
      "System.Console.dll": "sha256-bI8btpPLxjda3C1HbgQgIuHTQ+WxXn1fwyEjc4s\/6L0=",
      "System.Diagnostics.Debug.dll": "sha256-ZVZqH+kKBupWOiVOMt1Nhy+VjrM6QCpvO9Vomgqv+2Q=",
      "System.Diagnostics.DiagnosticSource.dll": "sha256-FCvGFFR9KybZfO2rd+2ssY0OdEdNwEIJUbfRePH76lI=",
      "System.dll": "sha256-Fejv\/gPaOjbjG5px9VVT\/r\/8pjFBoNVu806apMepkmE=",
      "System.IO.Compression.dll": "sha256-VFUNSr+kolLWvVYiL542S0IbL\/pgr4efmSDnuhdJtuE=",
      "System.IO.Pipelines.dll": "sha256-CPWRlou1jlcDvjFO+Szz3QH3\/IGXpZ7w8Is28Gypou4=",
      "System.Linq.dll": "sha256-egGXvZUpbYC3FHiZFEw1MhtEOKyjOKAroe2\/NDEsNtw=",
      "System.Linq.Expressions.dll": "sha256-BpfnmDqm\/yubDOi\/rbURQ+Mz2lP\/aLuXiiT4q51Qnjg=",
      "System.Linq.Queryable.dll": "sha256-4UArlofgX8cbwq3a6Ysnb7BTsKz+Nji+MIp2JQ7tOGs=",
      "System.Memory.dll": "sha256-AL7WXq1mXHCDO\/BbG1cPD5A\/4\/RAjqpEtpWUO+rwbPg=",
      "System.Net.Http.dll": "sha256-9iiND\/Ihdx+6Z89EhfWOB5KSg9OuzA7zmdGKD5kAV1E=",
      "System.Net.NameResolution.dll": "sha256-Z00IG\/6I440Fgg\/rmA8cfiRQxl5Fn18mQZTcoOxkS+Q=",
      "System.Net.Primitives.dll": "sha256-qsDXkdhS+mtGn7OaAPdG9sSJMBTp31NPx8Nw8WgJBP8=",
      "System.Net.Sockets.dll": "sha256-4k9GFnkCzhZV6n6nqN3iGAivjX1zt5eTD+SpAXnkA6w=",
      "System.ObjectModel.dll": "sha256-4dRlme0Wt9T+sD87FFm\/BXBJBhRMItI9ExkdZcw+Rxc=",
      "System.Private.CoreLib.dll": "sha256-4p4Wv5sVkGHSLmCPmLabLPb7rxdHuz41b46LNjycDq4=",
      "System.Private.Uri.dll": "sha256-uenS5KtHKk4O2GJG9QYDfxGNBNuxpzZz2IIBURwhLo0=",
      "System.Resources.ResourceManager.dll": "sha256-3y1dbXkVZw1Sww2GhABaBmxznsr4xPfLd5VYCAvWrtM=",
      "System.Runtime.dll": "sha256-U9rxrBvVe1LclhQIR+PpQ\/gaxZyqMqqv8JY0L0uHyzI=",
      "System.Runtime.InteropServices.JavaScript.dll": "sha256-NIZdT\/hG9Khu\/5TWiigIneI72NiAFEYP+s01+m5RiJQ=",
      "System.Security.Cryptography.Algorithms.dll": "sha256-ytP9tPv622NlO8a20ClDqfK1GXsrXFywK1rf0qNtIJI=",
      "System.Security.Cryptography.dll": "sha256-ffVbjtF2E0gE8PJL15MfH3WxA0ND+6OkxYfMX+F\/BLk=",
      "System.Security.Cryptography.Primitives.dll": "sha256-pB8wZKYQvY384zIQB2Z8+dQzie35nue6GVjwitMTxqY=",
      "System.Text.Encodings.Web.dll": "sha256-62jaTSp4h\/t4ygPGRZWHo3B8+dCDb8\/ZGuOG69ImEBM=",
      "System.Text.Json.dll": "sha256-CE4TLsfURtcAOwCauLyLV4Po8JfeOokp3wjcbbwpNpk=",
      "System.Text.RegularExpressions.dll": "sha256-Geph+i5uFXSNtfiBZfHiyoJerq3uN0vz4LdWMuj\/AAY=",
      "System.Threading.dll": "sha256-9scWOn0u2bpGGz4HqmzrJZm2sxEdpUCTu\/lh1xdw\/kU=",
      "System.Threading.Tasks.dll": "sha256-BtRisoG+xAjP\/6iTWCeJOo9ANgHcj2m4vUKgxCmii2s=",
      "System.Threading.Tasks.Extensions.dll": "sha256-6XXLO\/2+kS8CSiRPZqa9BkHpdvR7uw8YeUniedQJZGU=",
      "System.Threading.ThreadPool.dll": "sha256-GgddcAP14G8qzXvfpaGlVocjXwQU6QqBWGyOwxq2iYI=",
      "System.Transactions.Local.dll": "sha256-8OGSiztLzjPDu2Asaw6s1MXPblLzfd4OQaPuou3WKOs=",
      "System.Web.HttpUtility.dll": "sha256-w9dYSQeC5rHVEFcPLMgCpOJDIQEVrEOzWizq1ntXNik="
    },
    "extensions": null,
    "lazyAssembly": null,
    "libraryInitializers": null,
    "pdb": null,
    "runtime": {
      "dotnet.7.0.12.iceeeme7kz.js": "sha256-cPJgWy8SjMaYFeimGkYy23ls+rDZVmoC\/eMoHpqRc+4=",
      "dotnet.timezones.blat": "sha256-O421u5MzVtmNN7GY9RXR9Ib1uPK4hQfPpzOVofr7iNU=",
      "dotnet.wasm": "sha256-vwAkMgGGA\/XIQDk2s\/UjKb+fTk9xcKpa9qhvMBqj8hA=",
      "icudt.dat": "sha256-tO5O5YzMTVSaKBboxAqezOQL9ewmupzV2JrB5Rkc8a4=",
      "icudt_CJK.dat": "sha256-SZLtQnRc0JkwqHab0VUVP7T3uBPSeYzxzDnpxPpUnHk=",
      "icudt_EFIGS.dat": "sha256-8fItetYY8kQ0ww6oxwTLiT3oXlBwHKumbeP2pRF4yTc=",
      "icudt_no_CJK.dat": "sha256-L7sV7NEYP37\/Qr2FPCePo5cJqRgTXRwGHuwF5Q+0Nfs="
    },
    "runtimeAssets": {
      "dotnet.wasm": {
        "behavior": "dotnetwasm",
        "hash": "sha256-vwAkMgGGA\/XIQDk2s\/UjKb+fTk9xcKpa9qhvMBqj8hA="
      }
    },
    "satelliteResources": {
      "zh-CN": {
        "zh-CN\/CloudDriveWasm.resources.dll": "sha256-adNl0wVbp4naOeDrrJ5ouwb3kCcwJIacqt54PzALvDs="
      }
    }
  }
}