{
  "entryAssembly": "CloudDriveWasm",
  "resources": {
    "hash": "sha256-uUgHebi6GeOk3C2K1WaWnSw+8mbJP3a9RtwD3qWQf1Y=",
    "runtime": {
      "dotnet.7.0.16.pvj84bturz.js": "sha256-4BiArKugJJtpQrznGF5zWfmJ2TB98+p6rKsyoqhtMk4=",
      "dotnet.timezones.blat": "sha256-rwyJqJu36keQwNmm/O1XV7tnkkVldIOK8GIjn4gTUt4=",
      "dotnet.wasm": "sha256-ZguXiP7F66FcjzMkE5Noo2oCpGPMFMpw22TEZfSTv90=",
      "icudt_CJK.dat": "sha256-SZLtQnRc0JkwqHab0VUVP7T3uBPSeYzxzDnpxPpUnHk=",
      "icudt_EFIGS.dat": "sha256-8fItetYY8kQ0ww6oxwTLiT3oXlBwHKumbeP2pRF4yTc=",
      "icudt_no_CJK.dat": "sha256-L7sV7NEYP37/Qr2FPCePo5cJqRgTXRwGHuwF5Q+0Nfs="
    },
    "assembly": {
      "BencodeNET.dll": "sha256-FjVFcMgw2wf7JcC61eCTlB8n85oE+MCx1x6arxKffvY=",
      "Blazored.LocalStorage.dll": "sha256-xcO4wZtFwM5I9DIZf1sZpOdcsaTjw1HyqJ5AWciMDAk=",
      "Blazored.Modal.dll": "sha256-OkL/zDQTP6kkz+pR8Lki2Pljk2hwf99nXDSmE1Id0cY=",
      "BlazorPagination.dll": "sha256-dMHq7CrMWeHn5R1pN72TRE/5YJfstWId26CDK9F0fKc=",
      "CloudDriveWasm.dll": "sha256-0Cx6c9OSLWRKm4EVST02Q2r/Kg0gChEFy20DBHldTm8=",
      "Google.Protobuf.dll": "sha256-GLfwgddTYCynci9IWvnm02KHfQ4Yl02wDns2pXSG3DY=",
      "Grpc.Core.Api.dll": "sha256-fimevDAwSbB+irIQ/a271GGXesy5D7tJIB728nPCs3M=",
      "Grpc.Net.Client.dll": "sha256-SgM2ZlfBxZnSPqB+gZXK+zMNc8KSIuTqN8zBKg/RBuM=",
      "Grpc.Net.Client.Web.dll": "sha256-R+X6kGtzxl6YQ3rsIX6K9i1XaSPR8086axioRqpPHzw=",
      "Grpc.Net.Common.dll": "sha256-sNO4OtNlp7k9BkBnN09gEkulV2U7tzd0wk4kCrbmC7U=",
      "Microsoft.AspNetCore.Components.dll": "sha256-GGYlJJxQMsmngGp8xwIaFQCF+JuCw/8ySXKnBO4ZNlw=",
      "Microsoft.AspNetCore.Components.Forms.dll": "sha256-pg5B7ax6Q7AWw58oqBWmQ4vjy5WdSxLo1SaqzBOKeP8=",
      "Microsoft.AspNetCore.Components.Web.dll": "sha256-z0ImtELYhwQYSi9el/85FN9hb05nytOH5+xQ2jYscb8=",
      "Microsoft.AspNetCore.Components.WebAssembly.dll": "sha256-egXCsJH5lKVSwd3R6jYybsvY0TgBiLZ/QV23DHnziUE=",
      "Microsoft.Bcl.AsyncInterfaces.dll": "sha256-EcDo/GQZkQrOT1Xd0jMPE3NwT5lsMq5DNsPxHVidLDQ=",
      "Microsoft.Bcl.HashCode.dll": "sha256-y5+O+HE1PNgSn0TwPo3hH4YjhuwltS3gYIkrSTD2QOs=",
      "Microsoft.EntityFrameworkCore.Abstractions.dll": "sha256-jwuU8F7rNVOmV+vsvTYo3KNLtZkkSHB9wtU8kiR5Pqc=",
      "Microsoft.EntityFrameworkCore.dll": "sha256-jn/W0gQUemSfH2Jjn1HqrwruNu1qxVd6nZ9M6nSGvBs=",
      "Microsoft.Extensions.Caching.Abstractions.dll": "sha256-MAKm1/l29LzNn+uTDX/syx4a2rUfhiDIqjtZDkNKUjs=",
      "Microsoft.Extensions.Caching.Memory.dll": "sha256-HYFgNAjDjPbemdbcK+C34iuaskOuHBwiGN0QzTsiFLc=",
      "Microsoft.Extensions.Configuration.Abstractions.dll": "sha256-X/f4fDl2cuIRXeWHhK/f2UqQbFioD+RU4a4CEh0zrrQ=",
      "Microsoft.Extensions.Configuration.dll": "sha256-9PTAXNUj49C5pebEVtTsoRpdXR2henU28twwbTuo3DE=",
      "Microsoft.Extensions.Configuration.Json.dll": "sha256-Q5AqJneA2TZnzC0IYzBx6j/tHRhWAeMbpH3BsV7KgWg=",
      "Microsoft.Extensions.DependencyInjection.Abstractions.dll": "sha256-oqnKiIDoF7nZTn7r2ROFcU2LDzVHhwSrjInHka9KPdA=",
      "Microsoft.Extensions.DependencyInjection.dll": "sha256-vfrYKEAFFCox24A0WSVpyXSmb37165rnBqpkyUF/QwA=",
      "Microsoft.Extensions.Localization.Abstractions.dll": "sha256-/GUAtCGX0pputACV2sHqsNPxQW9lmrQL6qdveSZ/fJk=",
      "Microsoft.Extensions.Localization.dll": "sha256-sSxjaHVMVj7lj8/qF/gbXd2Ffr/EqsG++rnZ/M3HJQc=",
      "Microsoft.Extensions.Logging.Abstractions.dll": "sha256-XziYyWU765MMEbzjWk3br4shQynO1GyLBHH65ejG+8M=",
      "Microsoft.Extensions.Logging.dll": "sha256-Ph4JcBVRl6blMiw7aGCuJ6OrNtzL9k/obvxIVmqeWNQ=",
      "Microsoft.Extensions.Options.dll": "sha256-wre+hKKXkMGMevyOJFZjGvHYCrTSOFu4So3qzesaeIA=",
      "Microsoft.Extensions.Primitives.dll": "sha256-sPdkv1wd7P3O4JLiHZIrkTi2eeGHGBkIkMvVy8fOjvM=",
      "Microsoft.JSInterop.dll": "sha256-C8gN5WVmTMU5u2okp2mWDYo47+0FOD3AlN3atYcYmQQ=",
      "Microsoft.JSInterop.WebAssembly.dll": "sha256-guXMQx4nPwkQuLN7bV0rJuwrbtnM+wwSAxgL/O65GzM=",
      "netstandard.dll": "sha256-sywJtMFp8yrsD/dgayJ1Ruj8KRwKlNJaTzD7Cp7uyQU=",
      "System.Collections.Concurrent.dll": "sha256-eEBjtr6MLPwcCOOdboqIp6kj3n8PxdK6GaHXPTa235o=",
      "System.Collections.dll": "sha256-zGRfWJOnTt7bbpsdsgD8/q6oj+UEjA1Oj2iaY5qT0ho=",
      "System.Collections.Immutable.dll": "sha256-S8PCvvR+s+nEUUgxCF/VpnoUYiRNqDDlN12qcrqFNP0=",
      "System.Collections.NonGeneric.dll": "sha256-R6159JPXQkok27lUCha1MHvSHB+Sk48UxHuvW4ox56Q=",
      "System.Collections.Specialized.dll": "sha256-bql65te/D0NRugtxD+/bPMmeeNxLuUOBEN2yeol7thE=",
      "System.ComponentModel.Annotations.dll": "sha256-G//B4pkEWeQnnrc68UHS9AOeeIn8ZyDcX/X8sD5Cf6k=",
      "System.ComponentModel.dll": "sha256-VQ1YCS0LW1C7p8vq5HOP2rk76gUxaD2glCZNe3uNLno=",
      "System.ComponentModel.Primitives.dll": "sha256-JO/LXgvnnCD1dq1O38Eo+GQDPXPP0gFf+4miBAEHzVI=",
      "System.ComponentModel.TypeConverter.dll": "sha256-jfcTWXxhjO7jH9uyMx5MYd/Yg6vMTzDsb6IYIQC8MiY=",
      "System.Console.dll": "sha256-61A7lYKhRYI1RpvqbCiYsWTW3ccblo2ijtfgYXDiRT0=",
      "System.Diagnostics.Debug.dll": "sha256-mGvMf2Gm1IUDu4mMkeBqU+qwQJLSdMBI76l0IpoCQpg=",
      "System.Diagnostics.DiagnosticSource.dll": "sha256-GgoxNbUBilfvp95NhSNTdWe/TTbBZjTCwI1BqqcgbfM=",
      "System.dll": "sha256-/h4mEcZI5fgaH0FALwMh+MLBFTe7paTfa2L/Sw2AQ48=",
      "System.IO.Compression.dll": "sha256-qho3pqPsEMBLPxgJINtzkkhOiLndwXh+vE9RU1n3/Wg=",
      "System.IO.Pipelines.dll": "sha256-CPWRlou1jlcDvjFO+Szz3QH3/IGXpZ7w8Is28Gypou4=",
      "System.Linq.dll": "sha256-QY/UdHu4Xi1fOPlheHUCGTs9D5Kgk55Cd/qlKq7Zd3g=",
      "System.Linq.Expressions.dll": "sha256-lx8YoTK2n2oxDEVLJRZImoxjT10/R64vJOO7AStcs8w=",
      "System.Linq.Queryable.dll": "sha256-R6sRJciNTC419f44a3XKIG1i8afAZsDIuKPIWyhk9+g=",
      "System.Memory.dll": "sha256-TEO2IZA1+gk2ItucJUuZ99h/M/0YSCastINGIHNLEFw=",
      "System.Net.Http.dll": "sha256-AyCGt1Du+1WNz+5NA/AuIEDa4aGp3YEmgaiwUzjz2UE=",
      "System.Net.NameResolution.dll": "sha256-L6/d4MCF60DeK0BbBMj7o/bS0kKj4Nc57vbtPOk6K4E=",
      "System.Net.Primitives.dll": "sha256-ayf06Odg/GM4qsupd5NaSh6I2L9sHklV1RQXabw7WxE=",
      "System.Net.Sockets.dll": "sha256-HUwktwqlopXPlYwLtylRxQnXoEx9TXhVD3YZhqKmer0=",
      "System.ObjectModel.dll": "sha256-wVvROziMXj46AhutVefguA+fb0Y7eNN3ITlEGlA5kAc=",
      "System.Private.CoreLib.dll": "sha256-wdTkdqm/StQwT3xH75PzxCdIdjux8dTwiEhE1AClf2w=",
      "System.Private.Uri.dll": "sha256-W7MFA9T82sBL3ljnb99hNvq+z+uRNQLZocc5a9hOhOE=",
      "System.Resources.ResourceManager.dll": "sha256-bZwWpHX+zJNnioBAYQIMKNJaQrRnuC3xpoGeA2Vfpkk=",
      "System.Runtime.dll": "sha256-Mw1qAn9MCL1TYEsk0nrgbumvhg+OTj5Y7cyYpOf1gjE=",
      "System.Runtime.InteropServices.JavaScript.dll": "sha256-3NcW8ZyFr4UiZz9NrkY3KzukVdbxqplbIS3JC/zRSlE=",
      "System.Security.Cryptography.Algorithms.dll": "sha256-TakIjKbG7RFB7c8Vc3NUbOgRkK5DpJibWs3BSjDI1yY=",
      "System.Security.Cryptography.dll": "sha256-oGofIobl+PqvpAx3K3u9e5UJ17XaOn7UfoA0dzBPJwo=",
      "System.Security.Cryptography.Primitives.dll": "sha256-1yuImyzYXFcXOVNu+/inqvDbELItSABRULTvX94E1Kw=",
      "System.Text.Encodings.Web.dll": "sha256-gfGGYJnBjT5zLqQvI/bHsaxgpqigVESWvmT2yGN/8l0=",
      "System.Text.Json.dll": "sha256-fT4v7ok3IyDAjWPkKUyc2/HsgvdnmMgLE6b18OpH0SI=",
      "System.Text.RegularExpressions.dll": "sha256-kUsQlVMk2C4cemOGiLFkeCNmoWqt0LOuyoBYilUcV/8=",
      "System.Threading.dll": "sha256-vTnowCKSG8FPvkXMG9l3DR8Q+AAS5PlT1iFux7BSvio=",
      "System.Threading.Tasks.dll": "sha256-VQwFAOcd40W9rQR2wkMi+gW7HEF7uvY4QU1b2Nh2mN0=",
      "System.Threading.Tasks.Extensions.dll": "sha256-CteSKQtlSgn41rtTdJwyQ62zBxrOawfVrCXmq9ARFRg=",
      "System.Threading.ThreadPool.dll": "sha256-8XZ+T9TVXNf5xJpL/5JOHsbaKe6SA4ZjFHKPNnvTaeM=",
      "System.Transactions.Local.dll": "sha256-+BIRnuguRH6+iJiKzAymWTzQpyR4/FzKSdJslicTIz4=",
      "System.Web.HttpUtility.dll": "sha256-bzI0k96B/AcW601E2hpMYhU87GhX/lHEk3RzVjAUvZI="
    },
    "satelliteResources": {
      "zh-CN": {
        "zh-CN/CloudDriveWasm.resources.dll": "sha256-s9xMYEWvF5t7EWBsqdP0orimE47Gwc0CmIrKJwA6atY="
      }
    },
    "runtimeAssets": {
      "dotnet.wasm": {
        "hash": "sha256-ZguXiP7F66FcjzMkE5Noo2oCpGPMFMpw22TEZfSTv90=",
        "behavior": "dotnetwasm"
      }
    }
  },
  "cacheBootResources": true,
  "debugBuild": false,
  "debugLevel": 0,
  "linkerEnabled": true,
  "config": [],
  "icuDataMode": 0,
  "extensions": {
    "blazor": {}
  }
}